{"cameraMode":{"drawMode":0,"name":"Shaded","section":"Shading Mode"},"sceneLighting":false,"audioPlay":false,"sceneViewState":{"showFog":true,"showMaterialUpdate":false,"showSkybox":true,"showFlares":true,"showImageEffects":true,"showParticleSystems":true},"in2DMode":false,"pivot":{"x":10.35937786102295,"y":1.4042389392852784,"z":14.44765853881836},"rotation":{"x":0.2376399040222168,"y":0.7139909863471985,"z":-0.28600528836250307,"w":0.5932496786117554},"size":2.8578836917877199,"orthographic":false}