{"cameraMode":{"drawMode":0,"name":"Shaded","section":"Shading Mode"},"sceneLighting":true,"audioPlay":false,"sceneViewState":{"showFog":true,"showMaterialUpdate":false,"showSkybox":true,"showFlares":true,"showImageEffects":true,"showParticleSystems":true},"in2DMode":false,"pivot":{"x":363.84588623046877,"y":421.9144287109375,"z":-765.4451293945313},"rotation":{"x":0.0005968002369627357,"y":0.9986314177513123,"z":0.05097405984997749,"w":-0.011688382364809513},"size":1632.1495361328125,"orthographic":false}