{"cameraMode":{"drawMode":0,"name":"Shaded","section":"Shading Mode"},"sceneLighting":false,"audioPlay":false,"sceneViewState":{"showFog":true,"showMaterialUpdate":false,"showSkybox":true,"showFlares":true,"showImageEffects":true,"showParticleSystems":true},"in2DMode":false,"pivot":{"x":-11.032215118408204,"y":-5.360851764678955,"z":9.58247184753418},"rotation":{"x":0.46637293696403506,"y":0.4417606592178345,"z":-0.2905084490776062,"w":0.70918869972229},"size":358.4111022949219,"orthographic":false}